#SampleID	Type	Station	Zone	Month	Year	Depth	Naphthalene	Dodecane	Organic_Matter
#q2:types	categorical	categorical	categorical	categorical	categorical	numeric	numeric	numeric	numeric
Cru1_S1	Crucero_1	S1	Costa	June	2015	201	2.2267	41.61	4.321
Cru1_S2	Crucero_1	S2	Costa	June	2015	276	2.9115	41.82	3.367
Cru1_S3	Crucero_1	S3	Costa	June	2015	352	3.9188	51.79	2.416
Cru1_S4	Crucero_1	S4	Someras	June	2015	1034	5.1457	55.63	1.623
Cru2_S1	Crucero_2	S1	Costa	December	2015	210	2.4287	45.91	4.543
Cru2_S2	Crucero_2	S2	Costa	December	2015	280	3.0484	49.17	3.221
Cru2_S3	Crucero_2	S3	Costa	December	2015	345	3.6017	50.99	2.188
Cru2_S4	Crucero_2	S4	Someras	December	2015	1043	5.3006	55.59	1.083
Cru3_S1	Crucero_3	S1	Costa	August	2016	215	2.7196	41.76	4.539
Cru3_S2	Crucero_3	S2	Costa	August	2016	291	3.1874	43.79	3.624
Cru3_S3	Crucero_3	S3	Costa	August	2016	374	4.1457	53.77	2.589
Cru3_S4	Crucero_3	S4	Someras	August	2016	1056	5.5052	59.65	1.917
